{
  "epoch": [
    1,
    2,
    3,
    4,
    5,
    6,
    7,
    8,
    9,
    10,
    11,
    12,
    13,
    14,
    15
  ],
  "loss": [
    1.729951173067093,
    1.6324769854545593,
    1.6788233816623688,
    1.6341011226177216,
    1.4815733730793,
    1.4052536189556122,
    1.3101634681224823,
    1.3259503543376923,
    1.2966178059577942,
    1.5760270953178406,
    1.3872862458229065,
    1.3042245507240295,
    1.3161365389823914,
    1.2958643436431885,
    1.3714236617088318
  ],
  "test_acc": [
    0.24,
    0.24,
    0.32,
    0.28,
    0.36,
    0.32,
    0.32,
    0.4,
    0.44,
    0.36,
    0.44,
    0.48,
    0.52,
    0.52,
    0.64
  ],
  "avg_confidence": [
    0.0696549192070961,
    0.06679312884807587,
    0.07782778143882751,
    0.0749623030424118,
    0.0829940065741539,
    0.08320137858390808,
    0.10422635078430176,
    0.10719660669565201,
    0.10957172513008118,
    0.11565597355365753,
    0.10067950934171677,
    0.09888789802789688,
    0.09252107888460159,
    0.08818647265434265,
    0.09155066311359406
  ]
}